timestamp,batteryId,ambientTemp,batteryCurrent,batteryTemp,batteryVoltage,distance,kmh,stateOfCharge,stateOfHealth
2025-02-12 14:26:34.190000+00:00,1,18.65,78.06,25.22,396.39,0.2,127.75,0.9991,99.9998
2025-02-12 14:26:37.025000+00:00,1,18.36,81.42,25.33,396.23,0.31,130.46,0.9986,99.9997
2025-02-12 14:26:40.020000+00:00,1,18.17,75.76,25.39,396.49,0.42,125.59,0.9981,99.9996
2025-02-12 14:26:43.024000+00:00,1,18.5,72.11,25.44,396.66,0.52,122.42,0.9977,99.9995
2025-02-12 14:26:46.023000+00:00,1,18.12,73.72,25.47,396.58,0.62,123.87,0.9972,99.9994
2025-02-12 14:26:49.024000+00:00,1,18.55,79.52,25.52,396.31,0.73,128.97,0.9967,99.9993
2025-02-12 14:26:52.023000+00:00,1,18.78,71.95,25.54,396.66,0.83,122.26,0.9963,99.9992
2025-02-12 14:26:55.024000+00:00,1,18.83,63.04,25.52,397.07,0.93,114.46,0.9959,99.9991
2025-02-12 14:26:58.021000+00:00,1,18.59,53.45,25.48,397.52,1.02,106.45,0.9955,99.999
2025-02-12 14:27:01.023000+00:00,1,19.0,64.71,25.48,396.99,1.11,116.05,0.9951,99.9989
2025-02-12 14:27:04.021000+00:00,1,18.98,73.31,25.51,396.59,1.22,123.57,0.9947,99.9988
2025-02-12 14:27:07.021000+00:00,1,18.81,77.42,25.55,396.4,1.32,127.12,0.9942,99.9987
2025-02-12 14:27:10.024000+00:00,1,18.54,71.63,25.56,396.67,1.42,121.99,0.9938,99.9986
2025-02-12 14:27:13.035000+00:00,1,18.64,77.17,25.58,396.41,1.53,126.91,0.9933,99.9985
2025-02-12 14:27:16.022000+00:00,1,18.72,84.5,25.63,396.07,1.64,132.5,0.9927,99.9984
2025-02-12 14:27:19.024000+00:00,1,19.12,95.03,25.71,395.57,1.76,139.4,0.9921,99.9983
2025-02-12 14:27:22.025000+00:00,1,18.9,92.67,25.77,395.68,1.87,137.76,0.9916,99.9982
2025-02-12 14:27:25.026000+00:00,1,18.95,92.81,25.81,395.67,1.99,137.87,0.991,99.9981
2025-02-12 14:27:28.021000+00:00,1,18.91,80.71,25.8,396.23,2.09,129.85,0.9905,99.998
2025-02-12 14:27:31.022000+00:00,1,19.07,84.06,25.8,396.07,2.2,132.18,0.9899,99.9979
2025-02-12 14:27:34.021000+00:00,1,18.94,83.75,25.8,396.09,2.31,131.95,0.9894,99.9978
2025-02-12 14:27:37.021000+00:00,1,19.26,78.55,25.79,396.33,2.42,128.03,0.9889,99.9977
2025-02-12 14:27:40.020000+00:00,1,19.19,91.94,25.82,395.7,2.53,137.4,0.9883,99.9976
2025-02-12 14:27:43.027000+00:00,1,18.7,107.79,25.93,394.95,2.66,146.65,0.9877,99.9975
2025-02-12 14:27:46.021000+00:00,1,19.17,103.64,25.99,395.14,2.78,144.19,0.987,99.9974
2025-02-12 14:27:49.020000+00:00,1,19.49,119.12,26.12,394.41,2.9,152.96,0.9863,99.9973
2025-02-12 14:27:52.023000+00:00,1,19.17,112.75,26.19,394.7,3.03,149.24,0.9856,99.9972
2025-02-12 14:27:55.024000+00:00,1,19.26,124.41,26.31,394.15,3.16,155.87,0.9848,99.9971
2025-02-12 14:27:58.022000+00:00,1,19.01,125.35,26.41,394.09,3.29,156.29,0.984,99.997
2025-02-12 14:28:01.023000+00:00,1,18.91,143.86,26.6,393.2,3.43,165.87,0.9831,99.9969
2025-02-12 14:28:04.023000+00:00,1,19.27,125.64,26.65,394.06,3.56,156.29,0.9823,99.9968
2025-02-12 14:28:07.021000+00:00,1,18.9,142.89,26.79,393.23,3.7,165.38,0.9814,99.9967
2025-02-12 14:28:10.021000+00:00,1,18.59,134.47,26.85,393.62,3.83,161.1,0.9806,99.9966
2025-02-12 14:28:13.094000+00:00,1,18.63,123.77,26.83,394.13,3.96,155.31,0.9798,99.9965
2025-02-12 14:28:16.022000+00:00,1,18.99,114.86,26.77,394.56,4.08,150.39,0.9791,99.9964
2025-02-12 14:28:19.025000+00:00,1,19.21,129.94,26.8,393.84,4.22,158.96,0.9783,99.9963
2025-02-12 14:28:22.020000+00:00,1,19.33,146.4,26.94,393.04,4.36,167.07,0.9773,99.9962
2025-02-12 14:28:25.029000+00:00,1,19.54,131.9,26.95,393.73,4.49,159.78,0.9765,99.9961
2025-02-12 14:28:28.025000+00:00,1,19.99,115.7,26.87,394.5,4.61,150.79,0.9758,99.996
2025-02-12 14:28:31.033000+00:00,1,19.69,113.01,26.79,394.63,4.74,149.41,0.9751,99.9959
2025-02-12 14:28:34.021000+00:00,1,19.4,121.73,26.77,394.22,4.87,154.34,0.9743,99.9958
2025-02-12 14:28:37.020000+00:00,1,19.71,117.52,26.74,394.42,4.99,151.9,0.9736,99.9957
2025-02-12 14:28:40.023000+00:00,1,19.95,115.25,26.7,394.53,5.12,150.66,0.9729,99.9956
2025-02-12 14:28:43.024000+00:00,1,19.57,106.86,26.62,394.93,5.24,145.94,0.9722,99.9955
2025-02-12 14:28:46.023000+00:00,1,19.9,122.88,26.64,394.16,5.37,155.04,0.9714,99.9954
2025-02-12 14:28:49.022000+00:00,1,20.28,118.68,26.64,394.36,5.5,152.54,0.9707,99.9953
2025-02-12 14:28:52.021000+00:00,1,19.99,135.08,26.73,393.57,5.63,161.59,0.9698,99.9952
2025-02-12 14:28:55.025000+00:00,1,19.84,127.89,26.76,393.91,5.76,157.62,0.969,99.9951
2025-02-12 14:28:58.021000+00:00,1,20.26,121.33,26.75,394.22,5.89,153.99,0.9683,99.995
2025-02-12 14:29:01.020000+00:00,1,20.53,111.58,26.69,394.69,6.02,148.55,0.9676,99.9949
2025-02-12 14:29:04.021000+00:00,1,20.97,122.17,26.69,394.18,6.15,154.6,0.9668,99.9948
2025-02-12 14:29:07.020000+00:00,1,21.07,139.28,26.8,393.36,6.28,163.63,0.9659,99.9947
2025-02-12 14:29:10.021000+00:00,1,20.93,145.81,26.93,393.04,6.42,166.69,0.965,99.9946
2025-02-12 14:29:13.300000+00:00,1,20.48,166.49,27.18,392.02,6.57,175.44,0.964,99.9945
2025-02-12 14:29:16.022000+00:00,1,20.73,180.6,27.5,391.31,6.72,180.73,0.9628,99.9944
2025-02-12 14:29:19.030000+00:00,1,20.73,198.53,27.91,390.41,6.87,186.99,0.9616,99.9943
2025-02-12 14:29:22.023000+00:00,1,20.41,203.88,28.28,390.1,7.03,188.72,0.9603,99.9942
2025-02-12 14:29:25.026000+00:00,1,20.04,232.59,28.87,388.64,7.2,198.46,0.9589,99.9941
2025-02-12 14:29:28.021000+00:00,1,20.07,221.87,29.23,389.11,7.36,194.54,0.9575,99.994
2025-02-12 14:29:31.024000+00:00,1,20.21,227.83,29.58,388.77,7.52,196.65,0.9561,99.9939
2025-02-12 14:29:34.022000+00:00,1,19.81,249.35,30.1,387.64,7.69,203.86,0.9545,99.9938
2025-02-12 14:29:37.020000+00:00,1,19.87,243.63,30.45,387.88,7.86,201.69,0.953,99.9937
2025-02-12 14:29:40.022000+00:00,1,20.36,255.66,30.87,387.22,8.03,205.79,0.9514,99.9936
2025-02-12 14:29:43.205000+00:00,1,20.77,252.51,31.16,387.33,8.2,204.59,0.9499,99.9935
2025-02-12 14:29:46.021000+00:00,1,21.04,264.02,31.54,386.69,8.38,208.49,0.9482,99.9934
2025-02-12 14:29:49.023000+00:00,1,20.62,297.53,32.27,384.88,8.56,218.5,0.9464,99.9933
2025-02-12 14:29:52.054000+00:00,1,21.1,276.49,32.58,385.9,8.73,211.86,0.9447,99.9932
2025-02-12 14:29:55.025000+00:00,1,21.45,300.95,33.15,384.56,8.92,219.34,0.9428,99.9931
2025-02-12 14:29:58.020000+00:00,1,21.94,329.62,34.02,382.93,9.11,226.1,0.9408,99.993
2025-02-12 14:30:01.019000+00:00,1,22.34,354.67,35.12,381.42,9.3,231.87,0.9386,99.9929
2025-02-12 14:30:04.020000+00:00,1,22.17,364.43,36.16,380.7,9.49,234.0,0.9364,99.9928
2025-02-12 14:30:07.020000+00:00,1,21.92,365.11,37.0,380.5,9.69,234.0,0.9341,99.9927
2025-02-12 14:30:10.080000+00:00,1,21.42,365.31,37.67,380.35,9.88,234.0,0.9319,99.9926
2025-02-12 14:30:13.023000+00:00,1,21.34,406.44,38.95,377.86,10.09,244.7,0.9294,99.9925
2025-02-12 14:30:16.019000+00:00,1,21.11,367.87,39.28,379.88,10.28,234.0,0.9272,99.9924
2025-02-12 14:30:19.024000+00:00,1,21.02,365.91,39.51,379.93,10.48,234.0,0.925,99.9923
2025-02-12 14:30:22.020000+00:00,1,21.36,365.86,39.69,379.88,10.67,234.0,0.9227,99.9922
2025-02-12 14:30:25.032000+00:00,1,20.86,365.9,39.84,379.84,10.87,234.0,0.9205,99.9921
2025-02-12 14:30:28.021000+00:00,1,20.71,426.5,41.06,376.21,11.09,265.99,0.9176,99.992
2025-02-12 14:30:31.023000+00:00,1,20.64,369.47,41.0,379.39,11.28,234.0,0.9154,99.9919
2025-02-12 14:30:34.019000+00:00,1,20.65,427.01,42.0,375.94,11.51,274.92,0.9124,99.9918
2025-02-12 14:30:37.020000+00:00,1,20.94,430.92,42.88,375.5,11.74,274.54,0.9093,99.9917
2025-02-12 14:30:40.022000+00:00,1,21.11,431.42,43.6,375.29,11.97,269.49,0.9064,99.9916
2025-02-12 14:30:43.023000+00:00,1,20.81,370.38,43.04,378.88,12.16,234.0,0.9042,99.9915
2025-02-12 14:30:46.022000+00:00,1,20.93,427.58,43.64,375.46,12.39,270.96,0.9012,99.9914
2025-02-12 14:30:49.022000+00:00,1,20.53,431.47,44.21,365.09,12.61,264.93,0.8984,99.9913
2025-02-12 14:30:52.023000+00:00,1,20.59,443.73,44.9,364.2,12.83,261.38,0.8956,99.9912
2025-02-12 14:30:55.020000+00:00,1,20.7,381.66,44.28,367.91,13.02,234.0,0.8933,99.9911
2025-02-12 14:30:58.020000+00:00,1,21.1,440.32,44.89,364.36,13.24,266.02,0.8905,99.991
2025-02-12 14:31:01.022000+00:00,1,21.47,444.62,45.47,363.95,13.46,265.8,0.8876,99.9904
2025-02-12 14:31:04.021000+00:00,1,21.69,445.11,45.94,363.79,13.68,262.98,0.8848,99.9898
2025-02-12 14:31:07.021000+00:00,1,21.33,382.09,45.12,367.64,13.88,234.0,0.8825,99.9892
2025-02-12 14:31:10.020000+00:00,1,21.31,440.64,45.57,364.09,14.09,259.86,0.8797,99.9886
2025-02-12 14:31:13.020000+00:00,1,21.23,381.77,44.82,367.68,14.29,234.0,0.8775,99.9885
2025-02-12 14:31:16.022000+00:00,1,21.59,440.6,45.33,364.11,14.51,262.38,0.8747,99.9879
2025-02-12 14:31:19.021000+00:00,1,22.06,444.93,45.83,363.72,14.72,253.61,0.872,99.9873
2025-02-12 14:31:22.021000+00:00,1,22.1,382.17,45.03,367.56,14.91,234.0,0.8698,99.9867
2025-02-12 14:31:25.021000+00:00,1,22.14,378.17,44.32,367.91,15.11,234.0,0.8676,99.9866
2025-02-12 14:31:28.021000+00:00,1,21.8,440.32,44.92,364.12,15.33,262.05,0.8647,99.9865
2025-02-12 14:31:31.020000+00:00,1,21.99,444.9,45.5,363.7,15.54,252.12,0.8621,99.9859
2025-02-12 14:31:34.020000+00:00,1,21.73,438.79,45.84,363.97,15.75,248.28,0.8595,99.9853
2025-02-12 14:31:37.025000+00:00,1,22.03,415.18,45.64,365.39,15.95,242.22,0.857,99.9847
2025-02-12 14:31:40.022000+00:00,1,21.96,373.82,44.74,367.99,16.14,232.39,0.8549,99.9846
2025-02-12 14:31:43.021000+00:00,1,22.12,347.18,43.57,369.75,16.33,226.72,0.8528,99.9845
2025-02-12 14:31:46.020000+00:00,1,21.88,334.43,42.43,370.67,16.52,224.16,0.8508,99.9844
2025-02-12 14:31:49.020000+00:00,1,22.1,328.35,41.43,371.17,16.7,222.94,0.8489,99.9843
2025-02-12 14:31:52.021000+00:00,1,21.89,315.45,40.44,372.06,16.89,220.05,0.847,99.9842
2025-02-12 14:31:55.024000+00:00,1,21.86,328.85,39.84,371.38,17.07,223.34,0.845,99.9841
2025-02-12 14:31:58.023000+00:00,1,21.56,359.42,39.85,369.63,17.26,230.32,0.8429,99.984
2025-02-12 14:32:01.025000+00:00,1,21.28,320.64,39.25,371.91,17.45,220.95,0.841,99.9839
2025-02-12 14:32:04.021000+00:00,1,21.49,364.48,39.46,369.39,17.64,231.7,0.8388,99.9838
2025-02-12 14:32:07.021000+00:00,1,21.13,337.72,39.2,370.93,17.83,224.84,0.8368,99.9837
2025-02-12 14:32:10.021000+00:00,1,20.86,306.05,38.52,372.81,18.01,217.33,0.835,99.9836
2025-02-12 14:32:13.020000+00:00,1,20.86,327.34,38.28,371.64,18.2,223.15,0.833,99.9835
2025-02-12 14:32:16.020000+00:00,1,21.14,311.89,37.87,372.56,18.38,219.16,0.8311,99.9834
2025-02-12 14:32:19.020000+00:00,1,21.11,327.37,37.77,371.7,18.56,223.1,0.8292,99.9833
2025-02-12 14:32:22.021000+00:00,1,20.72,322.02,37.6,372.01,18.75,221.68,0.8273,99.9832
2025-02-12 14:32:25.021000+00:00,1,20.65,343.04,37.8,370.79,18.94,226.63,0.8252,99.9831
2025-02-12 14:32:28.021000+00:00,1,21.02,368.78,38.37,369.23,19.13,232.49,0.823,99.983
2025-02-12 14:32:31.021000+00:00,1,21.46,376.46,38.96,368.67,19.33,234.0,0.8208,99.9829
2025-02-12 14:32:34.097000+00:00,1,21.67,439.42,40.62,364.71,19.54,251.7,0.8181,99.9828
2025-02-12 14:32:37.020000+00:00,1,21.73,381.12,40.85,368.01,19.73,234.0,0.8159,99.9827
2025-02-12 14:32:40.019000+00:00,1,21.7,423.62,41.81,365.33,19.94,245.64,0.8134,99.9826
2025-02-12 14:32:43.023000+00:00,1,21.76,380.48,41.79,367.83,20.13,234.0,0.8111,99.9825
2025-02-12 14:32:46.021000+00:00,1,22.19,377.89,41.72,367.98,20.33,234.0,0.8089,99.9824
2025-02-12 14:32:49.021000+00:00,1,22.06,377.74,41.67,367.98,20.52,234.0,0.8067,99.9823
2025-02-12 14:32:52.024000+00:00,1,22.29,377.74,41.62,367.97,20.72,234.0,0.8045,99.9822
2025-02-12 14:32:55.026000+00:00,1,21.96,377.75,41.59,367.96,20.91,234.0,0.8022,99.9821
2025-02-12 14:32:58.021000+00:00,1,21.88,377.76,41.56,357.95,21.11,234.0,0.8,99.982
2025-02-12 14:33:01.020000+00:00,1,21.79,452.58,42.97,353.23,21.35,289.27,0.7967,99.9819
2025-02-12 14:33:04.021000+00:00,1,22.22,458.62,44.22,352.56,21.59,287.1,0.7935,99.9818
2025-02-12 14:33:07.024000+00:00,1,22.43,394.26,43.96,356.44,21.78,234.0,0.7912,99.9817
2025-02-12 14:33:10.019000+00:00,1,22.23,389.97,43.67,356.74,21.98,234.0,0.789,99.9816
2025-02-12 14:33:13.021000+00:00,1,22.46,454.12,44.69,352.65,22.22,298.53,0.7856,99.9815
2025-02-12 14:33:16.137000+00:00,1,22.23,459.38,45.62,352.09,22.47,293.77,0.7822,99.9809
2025-02-12 14:33:19.021000+00:00,1,22.38,460.12,46.37,351.84,22.71,286.56,0.779,99.9803
2025-02-12 14:33:22.022000+00:00,1,22.52,460.44,46.99,351.65,22.94,276.91,0.7759,99.9797
2025-02-12 14:33:25.026000+00:00,1,22.13,460.69,47.48,351.49,23.17,271.52,0.7729,99.9791
2025-02-12 14:33:28.022000+00:00,1,21.73,460.89,47.88,351.36,23.39,270.55,0.77,99.9785
2025-02-12 14:33:31.020000+00:00,1,21.35,461.07,48.21,351.25,23.61,261.61,0.7672,99.9779
2025-02-12 14:33:34.019000+00:00,1,21.27,461.21,48.47,351.15,23.82,251.04,0.7645,99.9773
2025-02-12 14:33:37.020000+00:00,1,21.27,458.18,48.61,351.29,24.03,249.21,0.7619,99.9767
2025-02-12 14:33:40.019000+00:00,1,21.66,395.69,47.5,355.41,24.22,234.0,0.7597,99.9761
2025-02-12 14:33:43.021000+00:00,1,21.16,455.82,47.79,351.58,24.43,251.54,0.757,99.9755
2025-02-12 14:33:46.019000+00:00,1,21.65,454.75,48.0,351.57,24.64,248.49,0.7544,99.9749
2025-02-12 14:33:49.021000+00:00,1,21.55,395.37,47.0,355.47,24.83,234.0,0.7522,99.9743
2025-02-12 14:33:52.019000+00:00,1,21.41,455.74,47.39,351.61,25.04,250.7,0.7496,99.9737
2025-02-12 14:33:55.020000+00:00,1,21.5,395.33,46.51,355.53,25.24,234.0,0.7473,99.9731
2025-02-12 14:33:58.020000+00:00,1,21.58,443.52,46.74,352.47,25.44,246.92,0.7448,99.9725
2025-02-12 14:34:01.024000+00:00,1,21.26,394.36,45.98,355.65,25.64,234.0,0.7425,99.9719
2025-02-12 14:34:04.019000+00:00,1,20.95,390.83,45.31,355.98,25.83,234.0,0.7403,99.9713
2025-02-12 14:34:07.024000+00:00,1,21.26,390.47,44.76,356.1,26.03,234.0,0.7381,99.9712
2025-02-12 14:34:10.020000+00:00,1,21.4,454.93,45.58,351.94,26.25,264.05,0.7352,99.9706
2025-02-12 14:34:13.018000+00:00,1,21.22,460.31,46.35,351.4,26.46,260.82,0.7324,99.97
2025-02-12 14:34:16.019000+00:00,1,20.92,461.01,46.98,351.19,26.68,260.56,0.7296,99.9694
2025-02-12 14:34:19.019000+00:00,1,21.04,460.61,47.47,351.08,26.89,249.83,0.727,99.9688
2025-02-12 14:34:22.020000+00:00,1,20.91,441.85,47.48,352.23,27.09,245.09,0.7245,99.9682
2025-02-12 14:34:25.025000+00:00,1,20.94,429.42,47.23,353.04,27.3,242.32,0.7221,99.9676
2025-02-12 14:34:28.019000+00:00,1,21.18,388.23,46.26,355.8,27.49,232.71,0.7199,99.967
2025-02-12 14:34:31.020000+00:00,1,21.23,390.67,45.53,355.77,27.68,234.0,0.7176,99.9664
2025-02-12 14:34:34.019000+00:00,1,21.71,390.7,44.94,355.87,27.88,234.0,0.7154,99.9663
2025-02-12 14:34:37.022000+00:00,1,22.07,417.76,44.97,354.17,28.08,240.48,0.713,99.9662
2025-02-12 14:34:40.028000+00:00,1,21.63,408.4,44.82,354.76,28.28,237.76,0.7107,99.9661
2025-02-12 14:34:43.021000+00:00,1,21.67,366.34,43.95,357.51,28.47,228.1,0.7086,99.966
2025-02-12 14:34:46.023000+00:00,1,21.38,358.42,43.12,358.13,28.66,226.96,0.7065,99.9659
2025-02-12 14:34:49.021000+00:00,1,21.47,313.01,41.76,361.1,28.84,216.23,0.7047,99.9658
2025-02-12 14:34:52.020000+00:00,1,21.94,313.28,40.67,361.24,29.02,217.02,0.7029,99.9657
2025-02-12 14:34:55.241000+00:00,1,21.74,328.24,40.02,360.44,29.2,220.98,0.701,99.9656
2025-02-12 14:34:58.021000+00:00,1,21.66,302.65,39.13,352.09,29.38,213.91,0.6993,99.9655
2025-02-12 14:35:01.020000+00:00,1,21.55,349.91,39.12,349.28,29.57,223.87,0.6973,99.9654
2025-02-12 14:35:04.024000+00:00,1,21.7,382.64,39.67,347.22,29.76,230.43,0.6952,99.9653
2025-02-12 14:35:07.020000+00:00,1,21.25,394.52,40.33,346.37,29.95,232.66,0.693,99.9652
2025-02-12 14:35:10.019000+00:00,1,20.78,436.51,41.65,343.54,30.16,242.28,0.6905,99.9651
2025-02-12 14:35:13.019000+00:00,1,20.66,404.61,42.1,345.37,30.35,234.0,0.6883,99.965
2025-02-12 14:35:16.021000+00:00,1,20.56,448.32,43.31,342.41,30.55,244.88,0.6858,99.9649
2025-02-12 14:35:19.020000+00:00,1,20.34,405.95,43.45,344.97,30.75,234.0,0.6836,99.9648
2025-02-12 14:35:22.020000+00:00,1,20.62,402.93,43.5,345.13,30.94,234.0,0.6813,99.9647
2025-02-12 14:35:25.024000+00:00,1,21.04,441.04,44.28,342.58,31.15,243.01,0.6789,99.9646
2025-02-12 14:35:28.020000+00:00,1,21.47,405.74,44.22,344.77,31.34,234.0,0.6766,99.9645
2025-02-12 14:35:31.020000+00:00,1,21.12,428.79,44.61,343.23,31.54,239.89,0.6743,99.9644
2025-02-12 14:35:34.193000+00:00,1,21.51,395.05,44.29,345.39,31.73,231.73,0.6721,99.9643
2025-02-12 14:35:37.019000+00:00,1,21.35,436.86,44.83,342.64,31.94,242.06,0.6696,99.9642
2025-02-12 14:35:40.019000+00:00,1,21.1,399.73,44.55,345.01,32.13,232.64,0.6674,99.9641
2025-02-12 14:35:43.020000+00:00,1,21.6,359.92,43.62,347.65,32.32,224.48,0.6655,99.964
2025-02-12 14:35:46.021000+00:00,1,21.15,318.95,42.24,350.4,32.5,215.29,0.6637,99.9639
2025-02-12 14:35:49.018000+00:00,1,21.65,309.88,41.01,351.14,32.67,213.52,0.6619,99.9638
2025-02-12 14:35:52.021000+00:00,1,22.11,324.74,40.24,350.35,32.86,217.71,0.6601,99.9637
2025-02-12 14:35:55.021000+00:00,1,22.41,319.89,39.55,350.74,33.04,216.21,0.6583,99.9636
2025-02-12 14:35:58.019000+00:00,1,22.03,362.53,39.67,348.14,33.23,226.35,0.6563,99.9635
2025-02-12 14:36:01.019000+00:00,1,22.01,390.21,40.24,346.34,33.42,231.9,0.6541,99.9634
2025-02-12 14:36:04.020000+00:00,1,22.11,394.98,40.79,345.92,33.61,232.53,0.6519,99.9633
2025-02-12 14:36:07.020000+00:00,1,21.92,401.82,41.35,345.37,33.81,234.0,0.6497,99.9632
2025-02-12 14:36:10.020000+00:00,1,21.5,402.46,41.82,345.22,34.0,234.0,0.6474,99.9631
2025-02-12 14:36:13.021000+00:00,1,21.59,402.64,42.19,345.12,34.2,234.0,0.6452,99.963
2025-02-12 14:36:16.019000+00:00,1,21.51,462.3,43.68,341.07,34.4,248.25,0.6426,99.9629
2025-02-12 14:36:19.022000+00:00,1,21.4,407.55,43.77,344.46,34.6,234.0,0.6404,99.9628
2025-02-12 14:36:22.020000+00:00,1,21.56,429.07,44.26,342.98,34.8,239.86,0.638,99.9627
2025-02-12 14:36:25.019000+00:00,1,22.01,412.67,44.33,343.98,35.0,235.69,0.6357,99.9626
2025-02-12 14:36:28.019000+00:00,1,21.85,386.13,43.9,345.72,35.19,229.89,0.6336,99.9625
2025-02-12 14:36:31.019000+00:00,1,22.18,380.57,43.46,346.14,35.38,229.11,0.6315,99.9624
2025-02-12 14:36:34.020000+00:00,1,22.28,341.13,42.45,348.77,35.56,220.67,0.6296,99.9623
2025-02-12 14:36:37.021000+00:00,1,21.97,329.97,41.47,349.61,35.74,218.52,0.6277,99.9622
2025-02-12 14:36:40.020000+00:00,1,21.85,298.5,40.23,351.73,35.92,210.28,0.6261,99.9621
2025-02-12 14:36:43.082000+00:00,1,22.05,289.05,39.11,352.46,36.09,207.97,0.6244,99.962
2025-02-12 14:36:46.019000+00:00,1,22.15,307.79,38.47,351.42,36.27,213.45,0.6227,99.9619
2025-02-12 14:36:49.020000+00:00,1,22.1,308.03,37.96,351.47,36.45,213.27,0.621,99.9618
2025-02-12 14:36:52.019000+00:00,1,21.96,319.43,37.72,350.81,36.63,216.36,0.6192,99.9617
2025-02-12 14:36:55.020000+00:00,1,21.99,364.62,38.24,347.98,36.82,226.82,0.6171,99.9616
2025-02-12 14:36:58.021000+00:00,1,21.72,379.58,38.92,346.94,37.01,229.43,0.615,99.9615
2025-02-12 14:37:01.022000+00:00,1,22.07,346.64,38.9,348.93,37.19,222.04,0.6131,99.9614
2025-02-12 14:37:04.019000+00:00,1,22.46,313.75,38.39,351.0,37.37,214.21,0.6113,99.9613
2025-02-12 14:37:07.019000+00:00,1,22.16,307.01,37.89,351.47,37.55,212.89,0.6096,99.9612
2025-02-12 14:37:10.019000+00:00,1,22.36,283.27,37.16,353.0,37.72,206.14,0.608,99.9611
2025-02-12 14:37:13.020000+00:00,1,22.66,281.79,36.56,353.16,37.89,206.06,0.6064,99.961
2025-02-12 14:37:16.019000+00:00,1,22.59,305.08,36.39,351.79,38.07,212.88,0.6047,99.9609
2025-02-12 14:37:19.023000+00:00,1,22.62,335.89,36.71,349.88,38.25,220.73,0.6028,99.9608
2025-02-12 14:37:22.020000+00:00,1,22.47,328.92,36.86,350.26,38.44,218.52,0.6009,99.9607
2025-02-12 14:37:25.340000+00:00,1,22.06,304.75,36.63,341.74,38.61,212.11,0.5992,99.9606
2025-02-12 14:37:28.019000+00:00,1,22.23,342.71,37.01,339.38,38.8,220.07,0.5973,99.9605
2025-02-12 14:37:31.029000+00:00,1,22.21,325.57,37.05,340.4,38.98,214.99,0.5955,99.9604
2025-02-12 14:37:34.021000+00:00,1,21.79,286.12,36.53,342.84,39.15,204.26,0.594,99.9603
2025-02-12 14:37:37.020000+00:00,1,21.79,248.96,35.65,345.17,39.31,193.79,0.5926,99.9602
2025-02-12 14:37:40.019000+00:00,1,22.25,231.42,34.76,346.31,39.46,188.98,0.5913,99.9601
2025-02-12 14:37:43.021000+00:00,1,22.45,231.41,34.04,346.39,39.62,189.22,0.5901,99.96
2025-02-12 14:37:46.019000+00:00,1,22.09,211.61,33.26,347.63,39.78,183.0,0.5889,99.9599
2025-02-12 14:37:49.019000+00:00,1,21.97,203.46,32.57,348.17,39.93,180.66,0.5878,99.9598
2025-02-12 14:37:52.019000+00:00,1,21.91,222.46,32.19,347.1,40.08,186.78,0.5865,99.9597
2025-02-12 14:37:55.028000+00:00,1,21.63,216.0,31.83,347.51,40.24,184.52,0.5853,99.9596
2025-02-12 14:37:58.021000+00:00,1,21.29,211.48,31.49,347.81,40.39,183.17,0.5842,99.9595
2025-02-12 14:38:01.022000+00:00,1,20.88,207.86,31.19,348.04,40.54,182.09,0.583,99.9594
2025-02-12 14:38:04.023000+00:00,1,20.38,232.45,31.2,346.62,40.7,189.91,0.5817,99.9593
2025-02-12 14:38:07.019000+00:00,1,19.98,221.33,31.09,347.27,40.85,186.11,0.5805,99.9592
2025-02-12 14:38:10.021000+00:00,1,20.1,188.75,30.69,349.17,41.0,175.55,0.5795,99.9591
2025-02-12 14:38:13.020000+00:00,1,19.92,174.97,30.26,350.0,41.14,171.09,0.5785,99.959
2025-02-12 14:38:16.022000+00:00,1,19.7,178.15,29.94,349.84,41.29,172.35,0.5775,99.9589
2025-02-12 14:38:19.023000+00:00,1,19.78,155.81,29.51,351.15,41.42,163.13,0.5766,99.9588
2025-02-12 14:38:22.020000+00:00,1,19.49,146.99,29.11,351.68,41.55,159.45,0.5758,99.9587
2025-02-12 14:38:25.027000+00:00,1,19.36,148.01,28.79,351.64,41.69,160.06,0.575,99.9586
2025-02-12 14:38:28.023000+00:00,1,19.17,167.41,28.68,350.55,41.83,168.58,0.574,99.9585
2025-02-12 14:38:31.023000+00:00,1,18.94,146.36,28.44,351.75,41.96,159.01,0.5732,99.9584
2025-02-12 14:38:34.026000+00:00,1,18.52,160.98,28.35,350.93,42.1,165.78,0.5723,99.9583
2025-02-12 14:38:37.024000+00:00,1,18.15,154.69,28.23,351.29,42.23,162.86,0.5714,99.9582
2025-02-12 14:38:40.019000+00:00,1,18.36,137.17,28.02,352.29,42.36,154.55,0.5707,99.9581
2025-02-12 14:38:43.022000+00:00,1,18.08,135.2,27.83,352.41,42.49,153.76,0.5699,99.958
2025-02-12 14:38:46.019000+00:00,1,18.11,128.86,27.65,352.78,42.62,150.59,0.5692,99.9579
2025-02-12 14:38:49.023000+00:00,1,18.17,148.34,27.63,351.69,42.75,160.42,0.5683,99.9578
2025-02-12 14:38:52.022000+00:00,1,18.0,152.44,27.64,351.45,42.89,162.02,0.5675,99.9577
2025-02-12 14:38:55.021000+00:00,1,18.41,134.93,27.53,352.44,43.01,153.46,0.5667,99.9576
2025-02-12 14:38:58.019000+00:00,1,18.53,113.51,27.32,353.65,43.13,142.86,0.5661,99.9575
2025-02-12 14:39:01.020000+00:00,1,18.28,111.9,27.15,353.75,43.25,142.25,0.5655,99.9574
2025-02-12 14:39:04.020000+00:00,1,18.27,126.1,27.08,352.96,43.38,149.44,0.5648,99.9573
2025-02-12 14:39:07.019000+00:00,1,18.65,113.93,26.97,353.64,43.49,143.16,0.5641,99.9572
2025-02-12 14:39:10.018000+00:00,1,18.36,110.89,26.86,353.82,43.61,141.73,0.5635,99.9571
2025-02-12 14:39:13.020000+00:00,1,18.77,131.05,26.88,352.69,43.74,151.95,0.5628,99.957
2025-02-12 14:39:16.020000+00:00,1,19.18,149.78,27.02,351.63,43.87,161.03,0.5619,99.9569
2025-02-12 14:39:19.022000+00:00,1,19.58,147.43,27.12,351.75,44.01,159.78,0.5611,99.9568
2025-02-12 14:39:22.021000+00:00,1,19.23,137.52,27.13,352.3,44.14,154.82,0.5603,99.9567
2025-02-12 14:39:25.019000+00:00,1,18.98,145.2,27.19,351.87,44.27,158.79,0.5595,99.9566
2025-02-12 14:39:28.019000+00:00,1,19.35,133.82,27.17,352.51,44.4,152.98,0.5588,99.9565
2025-02-12 14:39:31.256000+00:00,1,19.67,144.62,27.21,351.89,44.53,158.54,0.5579,99.9564
2025-02-12 14:39:34.019000+00:00,1,19.5,149.79,27.29,351.6,44.66,160.89,0.5571,99.9563
2025-02-12 14:39:37.019000+00:00,1,19.14,131.08,27.23,352.65,44.79,151.55,0.5564,99.9562
2025-02-12 14:39:40.021000+00:00,1,19.09,144.64,27.26,351.88,44.92,158.58,0.5556,99.9561
2025-02-12 14:39:43.021000+00:00,1,18.71,134.13,27.23,352.47,45.05,153.14,0.5548,99.956
2025-02-12 14:39:46.019000+00:00,1,18.23,153.83,27.33,351.36,45.18,162.78,0.5539,99.9559
2025-02-12 14:39:49.019000+00:00,1,18.61,154.39,27.41,351.32,45.32,162.81,0.5531,99.9558
2025-02-12 14:39:52.020000+00:00,1,18.93,138.48,27.37,352.21,45.45,155.21,0.5523,99.9557
2025-02-12 14:39:55.020000+00:00,1,19.11,133.68,27.31,352.48,45.58,152.98,0.5516,99.9556
2025-02-12 14:39:58.021000+00:00,1,19.28,120.69,27.18,353.22,45.7,146.49,0.5509,99.9555
2025-02-12 14:40:01.019000+00:00,1,19.56,101.91,26.99,354.28,45.81,136.66,0.5503,99.9554
2025-02-12 14:40:04.018000+00:00,1,19.36,95.58,26.8,354.65,45.92,133.1,0.5498,99.9553
2025-02-12 14:40:07.019000+00:00,1,19.39,108.78,26.71,353.91,46.04,140.83,0.5492,99.9552
2025-02-12 14:40:10.151000+00:00,1,19.17,125.11,26.73,352.99,46.16,148.97,0.5485,99.9551
2025-02-12 14:40:13.020000+00:00,1,18.83,144.55,26.87,351.89,46.3,158.61,0.5476,99.955
2025-02-12 14:40:16.020000+00:00,1,18.89,161.99,27.1,350.89,46.44,166.26,0.5467,99.9549
2025-02-12 14:40:19.020000+00:00,1,19.09,184.74,27.46,349.58,46.58,174.82,0.5457,99.9548
2025-02-12 14:40:22.158000+00:00,1,18.79,217.93,28.07,347.63,46.74,185.62,0.5445,99.9547
2025-02-12 14:40:25.022000+00:00,1,19.12,204.31,28.42,348.37,46.89,180.93,0.5434,99.9546
2025-02-12 14:40:28.019000+00:00,1,19.02,181.56,28.49,349.65,47.03,173.25,0.5423,99.9545
2025-02-12 14:40:31.023000+00:00,1,19.21,188.2,28.61,349.26,47.18,175.81,0.5413,99.9544
2025-02-12 14:40:34.020000+00:00,1,19.35,205.31,28.86,348.25,47.33,181.55,0.5401,99.9543
2025-02-12 14:40:37.021000+00:00,1,19.5,193.97,28.95,348.89,47.48,177.55,0.5391,99.9542
2025-02-12 14:40:40.019000+00:00,1,19.78,189.52,28.99,349.13,47.62,176.12,0.538,99.9541
2025-02-12 14:40:43.019000+00:00,1,19.63,187.68,29.01,349.23,47.77,175.52,0.537,99.954
2025-02-12 14:40:46.018000+00:00,1,20.01,220.15,29.32,347.33,47.92,186.26,0.5357,99.9539
2025-02-12 14:40:49.018000+00:00,1,20.25,251.4,29.91,345.45,48.09,195.5,0.5343,99.9538
2025-02-12 14:40:52.019000+00:00,1,20.26,276.78,30.7,343.87,48.26,202.71,0.5328,99.9537
2025-02-12 14:40:55.023000+00:00,1,20.66,249.61,30.99,345.41,48.42,194.2,0.5315,99.9536
2025-02-12 14:40:58.019000+00:00,1,21.01,270.21,31.48,344.13,48.59,200.72,0.53,99.9535
2025-02-12 14:41:01.018000+00:00,1,21.35,278.49,31.97,343.56,48.75,202.9,0.5284,99.9534
2025-02-12 14:41:04.020000+00:00,1,21.5,284.17,32.44,343.15,48.93,204.46,0.5269,99.9533
2025-02-12 14:41:07.025000+00:00,1,21.57,277.21,32.72,343.52,49.09,202.28,0.5254,99.9532
2025-02-12 14:41:10.019000+00:00,1,21.52,272.08,32.88,343.79,49.26,200.84,0.5239,99.9531
2025-02-12 14:41:13.020000+00:00,1,21.23,297.43,33.35,342.21,49.43,208.48,0.5222,99.953
2025-02-12 14:41:16.020000+00:00,1,20.83,330.63,34.2,340.07,49.62,217.03,0.5204,99.9529
2025-02-12 14:41:19.019000+00:00,1,20.7,331.41,34.89,339.89,49.8,216.69,0.5186,99.9528
2025-02-12 14:41:22.021000+00:00,1,21.11,317.85,35.24,340.65,49.97,213.1,0.5169,99.9527
2025-02-12 14:41:25.050000+00:00,1,21.38,298.42,35.24,341.82,50.15,207.96,0.5152,99.9526
2025-02-12 14:41:28.044000+00:00,1,21.88,295.01,35.2,342.03,50.32,207.25,0.5136,99.9525
2025-02-12 14:41:31.023000+00:00,1,22.37,303.31,35.28,341.5,50.49,209.77,0.512,99.9524
2025-02-12 14:41:34.019000+00:00,1,22.49,292.34,35.2,342.17,50.67,206.38,0.5104,99.9523
2025-02-12 14:41:37.022000+00:00,1,22.36,324.43,35.58,340.14,50.85,215.39,0.5086,99.9522
2025-02-12 14:41:40.018000+00:00,1,22.03,290.82,35.42,342.21,51.02,205.58,0.507,99.9521
2025-02-12 14:41:43.044000+00:00,1,22.4,326.39,35.79,339.96,51.2,215.92,0.5052,99.952
2025-02-12 14:41:46.021000+00:00,1,22.71,347.53,36.41,338.54,51.38,220.72,0.5033,99.9519
2025-02-12 14:41:49.020000+00:00,1,22.51,330.1,36.64,339.57,51.56,215.96,0.5015,99.9518
2025-02-12 14:41:52.021000+00:00,1,22.07,374.47,37.55,326.64,51.75,226.35,0.4995,99.9517
2025-02-12 14:41:55.019000+00:00,1,21.81,405.33,38.82,324.44,51.94,229.62,0.4973,99.9516
2025-02-12 14:41:58.019000+00:00,1,21.79,402.77,39.8,324.39,52.13,228.55,0.4953,99.9515
2025-02-12 14:42:01.021000+00:00,1,21.85,386.67,40.29,325.3,52.32,225.27,0.4932,99.9514
2025-02-12 14:42:04.018000+00:00,1,21.47,355.49,40.14,327.3,52.5,218.96,0.4914,99.9513
2025-02-12 14:42:07.023000+00:00,1,21.39,313.37,39.38,330.1,52.68,208.76,0.4897,99.9512
2025-02-12 14:42:10.018000+00:00,1,21.0,316.39,38.81,329.99,52.85,210.34,0.4881,99.9511
2025-02-12 14:42:13.019000+00:00,1,20.76,288.11,37.96,331.89,53.02,202.24,0.4865,99.951
2025-02-12 14:42:16.019000+00:00,1,20.48,273.11,37.09,332.95,53.18,198.39,0.4851,99.9509
2025-02-12 14:42:19.019000+00:00,1,20.18,288.64,36.59,332.04,53.35,203.13,0.4836,99.9508
2025-02-12 14:42:22.019000+00:00,1,20.47,284.31,36.14,332.37,53.52,201.65,0.4821,99.9507
2025-02-12 14:42:25.027000+00:00,1,20.83,301.59,36.0,331.3,53.69,206.73,0.4805,99.9506
2025-02-12 14:42:28.018000+00:00,1,20.65,316.15,36.11,330.37,53.87,210.57,0.4788,99.9505
2025-02-12 14:42:31.026000+00:00,1,20.69,327.62,36.36,329.61,54.05,213.26,0.477,99.9504
2025-02-12 14:42:34.018000+00:00,1,20.46,356.86,37.02,327.66,54.23,220.39,0.4751,99.9503
2025-02-12 14:42:37.019000+00:00,1,20.04,382.49,37.99,325.85,54.42,225.2,0.4731,99.9502
2025-02-12 14:42:40.018000+00:00,1,19.56,368.85,38.53,326.6,54.6,221.99,0.4712,99.9501
2025-02-12 14:42:43.108000+00:00,1,19.73,394.63,39.41,324.77,54.79,227.43,0.4691,99.95
2025-02-12 14:42:46.019000+00:00,1,19.47,362.79,39.56,326.77,54.98,220.51,0.4672,99.9499
2025-02-12 14:42:49.019000+00:00,1,19.38,326.04,39.1,329.19,55.15,211.95,0.4655,99.9498
2025-02-12 14:42:52.019000+00:00,1,19.2,325.48,38.72,329.27,55.33,212.42,0.4638,99.9497
2025-02-12 14:42:55.020000+00:00,1,19.07,324.2,38.4,329.39,55.51,212.11,0.4621,99.9496
2025-02-12 14:42:58.019000+00:00,1,19.21,334.14,38.29,328.77,55.69,214.67,0.4603,99.9495
2025-02-12 14:43:01.024000+00:00,1,18.77,306.14,37.8,330.61,55.86,207.08,0.4587,99.9494
2025-02-12 14:43:04.018000+00:00,1,18.98,271.6,36.94,332.91,56.02,197.65,0.4573,99.9493
2025-02-12 14:43:07.019000+00:00,1,19.08,275.51,36.3,332.74,56.19,199.32,0.4558,99.9492
2025-02-12 14:43:10.018000+00:00,1,18.72,309.87,36.25,330.59,56.36,209.22,0.4542,99.9491
2025-02-12 14:43:13.019000+00:00,1,18.58,337.52,36.63,328.78,56.54,215.83,0.4524,99.949
2025-02-12 14:43:16.019000+00:00,1,18.38,363.74,37.35,326.99,56.73,221.62,0.4505,99.9489
2025-02-12 14:43:19.019000+00:00,1,18.04,357.58,37.83,327.28,56.91,219.94,0.4486,99.9488
2025-02-12 14:43:22.019000+00:00,1,18.11,408.62,39.11,323.76,57.1,230.49,0.4464,99.9487
2025-02-12 14:43:25.021000+00:00,1,18.42,376.68,39.56,325.71,57.29,223.09,0.4445,99.9486
2025-02-12 14:43:28.020000+00:00,1,18.09,352.85,39.52,327.24,57.47,218.4,0.4426,99.9485
2025-02-12 14:43:31.019000+00:00,1,17.93,368.69,39.75,326.16,57.66,222.28,0.4407,99.9484
2025-02-12 14:43:34.019000+00:00,1,18.0,334.03,39.37,328.45,57.84,213.81,0.439,99.9483
2025-02-12 14:43:37.024000+00:00,1,17.63,298.89,38.55,330.83,58.01,204.93,0.4374,99.9482
2025-02-12 14:43:40.020000+00:00,1,17.93,288.79,37.77,331.58,58.18,202.65,0.4359,99.9481
2025-02-12 14:43:43.109000+00:00,1,17.61,303.67,37.34,330.69,58.35,207.12,0.4342,99.948
2025-02-12 14:43:46.019000+00:00,1,17.29,297.87,36.92,331.11,58.52,205.22,0.4327,99.9479
2025-02-12 14:43:49.018000+00:00,1,17.38,281.87,36.36,332.2,58.69,200.72,0.4312,99.9478
2025-02-12 14:43:52.019000+00:00,1,17.71,304.63,36.23,330.77,58.86,207.56,0.4296,99.9477
2025-02-12 14:43:55.021000+00:00,1,18.08,300.12,36.06,331.07,59.03,205.89,0.428,99.9476
2025-02-12 14:43:58.019000+00:00,1,17.93,309.85,36.06,330.45,59.2,208.77,0.4263,99.9475
2025-02-12 14:44:01.019000+00:00,1,18.1,288.0,35.76,331.86,59.37,202.32,0.4248,99.9474
2025-02-12 14:44:04.020000+00:00,1,18.09,325.0,36.04,329.47,59.55,212.97,0.4231,99.9473
2025-02-12 14:44:07.019000+00:00,1,18.34,346.4,36.6,328.01,59.73,217.79,0.4212,99.9472
2025-02-12 14:44:10.019000+00:00,1,17.89,389.73,37.78,325.02,59.92,226.77,0.4192,99.9471
2025-02-12 14:44:13.019000+00:00,1,17.86,396.67,38.85,324.34,60.11,227.45,0.4171,99.947
2025-02-12 14:44:16.019000+00:00,1,18.07,379.43,39.4,325.34,60.3,223.79,0.4152,99.9469
2025-02-12 14:44:19.019000+00:00,1,17.97,417.24,40.53,322.63,60.49,231.83,0.413,99.9468
2025-02-12 14:44:22.019000+00:00,1,17.6,430.84,41.7,321.46,60.69,234.0,0.4107,99.9467
2025-02-12 14:44:25.021000+00:00,1,17.61,432.4,42.67,321.13,60.88,234.0,0.4085,99.9466
2025-02-12 14:44:28.018000+00:00,1,18.06,432.85,43.46,320.91,61.08,234.0,0.4063,99.9465
2025-02-12 14:44:31.031000+00:00,1,17.96,433.14,44.09,320.74,61.27,234.0,0.4041,99.9464
2025-02-12 14:44:34.018000+00:00,1,17.6,433.38,44.6,320.59,61.47,234.0,0.4018,99.9463
2025-02-12 14:44:37.034000+00:00,1,17.12,433.58,45.01,310.47,61.66,234.0,0.3996,99.9457
2025-02-12 14:44:40.018000+00:00,1,17.09,447.71,45.63,309.35,61.86,234.0,0.3974,99.9451
2025-02-12 14:44:43.029000+00:00,1,17.53,449.34,46.16,309.1,62.05,234.0,0.3951,99.9445
2025-02-12 14:44:46.020000+00:00,1,17.2,524.11,48.26,303.37,62.29,285.58,0.3919,99.9439
2025-02-12 14:44:49.023000+00:00,1,16.97,458.19,48.45,307.91,62.48,234.0,0.3897,99.9433
2025-02-12 14:44:52.024000+00:00,1,17.4,526.12,50.14,302.68,62.72,282.93,0.3865,99.9427
2025-02-12 14:44:55.021000+00:00,1,17.18,535.22,51.71,301.58,62.95,282.72,0.3834,99.9421
2025-02-12 14:44:58.042000+00:00,1,17.1,537.18,53.02,301.05,63.19,282.21,0.3802,99.9415
2025-02-12 14:45:01.019000+00:00,1,17.36,538.11,54.09,300.66,63.42,275.76,0.3772,99.9409
2025-02-12 14:45:04.020000+00:00,1,17.09,538.81,54.97,300.35,63.64,265.97,0.3743,99.9403
2025-02-12 14:45:07.026000+00:00,1,17.48,462.8,53.91,306.16,63.84,234.0,0.3721,99.9397
2025-02-12 14:45:10.018000+00:00,1,17.82,454.01,52.88,307.02,64.03,234.0,0.3698,99.9391
2025-02-12 14:45:13.019000+00:00,1,17.71,452.74,52.03,307.28,64.23,234.0,0.3676,99.9385
2025-02-12 14:45:16.019000+00:00,1,18.08,452.35,51.34,307.45,64.42,234.0,0.3654,99.9379
2025-02-12 14:45:19.019000+00:00,1,18.13,452.11,50.78,307.57,64.62,234.0,0.3632,99.9373
2025-02-12 14:45:22.023000+00:00,1,18.33,526.71,52.02,301.86,64.86,292.67,0.3598,99.9367
2025-02-12 14:45:25.023000+00:00,1,18.79,460.48,51.5,306.75,65.06,234.0,0.3576,99.9361
2025-02-12 14:45:28.125000+00:00,1,18.42,528.11,52.63,301.54,65.3,291.45,0.3543,99.9355
2025-02-12 14:45:31.021000+00:00,1,18.65,460.97,52.0,306.55,65.49,234.0,0.352,99.9349
2025-02-12 14:45:34.018000+00:00,1,19.09,528.46,53.04,301.35,65.74,290.81,0.3487,99.9343
2025-02-12 14:45:37.018000+00:00,1,19.09,461.26,52.34,306.4,65.93,234.0,0.3465,99.9337
2025-02-12 14:45:40.020000+00:00,1,19.08,528.72,53.31,301.2,66.17,285.42,0.3433,99.9331
2025-02-12 14:45:43.023000+00:00,1,18.87,537.85,54.32,300.22,66.4,281.02,0.3402,99.9325
2025-02-12 14:45:46.019000+00:00,1,19.31,462.99,53.4,305.95,66.6,234.0,0.3379,99.9319
2025-02-12 14:45:49.020000+00:00,1,19.45,454.32,52.47,306.78,66.79,234.0,0.3357,99.9313
2025-02-12 14:45:52.018000+00:00,1,19.05,528.07,53.41,301.1,67.04,292.87,0.3323,99.9307
2025-02-12 14:45:55.021000+00:00,1,19.0,461.63,52.64,306.15,67.23,234.0,0.3301,99.9301
2025-02-12 14:45:58.018000+00:00,1,19.12,454.02,51.86,306.87,67.43,234.0,0.3279,99.9295
2025-02-12 14:46:01.018000+00:00,1,19.48,527.91,52.91,301.16,67.67,289.29,0.3246,99.9289
2025-02-12 14:46:04.019000+00:00,1,19.98,461.54,52.24,306.18,67.86,234.0,0.3224,99.9283
2025-02-12 14:46:07.021000+00:00,1,19.69,453.98,51.54,306.87,68.06,234.0,0.3201,99.9277
2025-02-12 14:46:10.018000+00:00,1,19.87,527.9,52.66,301.15,68.31,300.84,0.3166,99.9271
2025-02-12 14:46:13.022000+00:00,1,19.96,537.94,53.8,300.07,68.56,296.56,0.3132,99.9265
2025-02-12 14:46:16.021000+00:00,1,19.96,539.88,54.76,299.63,68.8,290.44,0.3099,99.9259
2025-02-12 14:46:19.019000+00:00,1,19.53,463.91,53.77,305.52,68.99,234.0,0.3077,99.9253
2025-02-12 14:46:22.018000+00:00,1,19.11,454.96,52.78,306.39,69.19,234.0,0.3055,99.9247
2025-02-12 14:46:25.030000+00:00,1,18.99,453.68,51.97,306.65,69.38,234.0,0.3032,99.9241
2025-02-12 14:46:28.018000+00:00,1,18.58,528.3,53.01,290.84,69.64,313.31,0.2995,99.9235
2025-02-12 14:46:31.019000+00:00,1,18.44,557.0,54.56,288.25,69.9,302.58,0.2959,99.9229
2025-02-12 14:46:34.019000+00:00,1,18.61,482.23,54.01,293.96,70.09,234.0,0.2937,99.9223
2025-02-12 14:46:37.019000+00:00,1,19.11,472.85,53.36,294.8,70.29,234.0,0.2915,99.9217
2025-02-12 14:46:40.022000+00:00,1,19.5,471.51,52.81,295.0,70.48,234.0,0.2892,99.9211
2025-02-12 14:46:43.020000+00:00,1,19.28,471.18,52.37,295.11,70.68,234.0,0.287,99.9205
2025-02-12 14:46:46.019000+00:00,1,18.81,548.94,53.84,288.91,70.94,312.93,0.2832,99.9199
2025-02-12 14:46:49.019000+00:00,1,19.14,560.73,55.32,287.57,71.19,309.14,0.2796,99.9193
2025-02-12 14:46:52.018000+00:00,1,19.18,563.34,56.57,286.98,71.45,304.49,0.276,99.9187
2025-02-12 14:46:55.026000+00:00,1,19.37,484.35,55.66,293.21,71.64,234.0,0.2738,99.9181
2025-02-12 14:46:58.019000+00:00,1,18.88,552.5,56.57,287.74,71.9,304.26,0.2702,99.9175
2025-02-12 14:47:01.024000+00:00,1,19.33,563.0,57.56,286.62,72.14,297.75,0.2667,99.9169
2025-02-12 14:47:04.020000+00:00,1,19.24,484.96,56.47,292.88,72.34,234.0,0.2645,99.9163
2025-02-12 14:47:07.018000+00:00,1,19.2,553.13,57.23,287.41,72.59,295.14,0.2611,99.9157
2025-02-12 14:47:10.018000+00:00,1,19.37,563.65,58.1,286.32,72.83,294.18,0.2577,99.9151
2025-02-12 14:47:13.022000+00:00,1,19.12,485.47,56.92,292.64,73.03,234.0,0.2555,99.9145
2025-02-12 14:47:16.020000+00:00,1,18.88,553.57,57.6,287.18,73.27,296.47,0.2521,99.9139
2025-02-12 14:47:19.018000+00:00,1,19.13,564.11,58.41,286.09,73.52,295.28,0.2487,99.9133
2025-02-12 14:47:22.021000+00:00,1,19.08,485.85,57.17,292.46,73.71,234.0,0.2465,99.9127
2025-02-12 14:47:25.021000+00:00,1,18.58,553.91,57.81,286.99,73.96,299.24,0.243,99.9121
2025-02-12 14:47:28.021000+00:00,1,18.97,564.48,58.59,285.91,74.21,291.85,0.2397,99.9115
2025-02-12 14:47:31.020000+00:00,1,18.63,566.61,59.27,285.52,74.45,290.44,0.2364,99.9109
2025-02-12 14:47:34.019000+00:00,1,18.59,567.39,59.84,285.26,74.69,285.61,0.2332,99.9103
2025-02-12 14:47:37.019000+00:00,1,18.09,487.28,58.34,291.92,74.88,234.0,0.2309,99.9097
2025-02-12 14:47:40.021000+00:00,1,17.66,476.16,56.9,293.11,75.08,234.0,0.2287,99.9091
2025-02-12 14:47:43.019000+00:00,1,17.57,474.23,55.71,293.52,75.27,234.0,0.2265,99.9085
2025-02-12 14:47:46.018000+00:00,1,17.63,473.56,54.73,293.78,75.47,234.0,0.2242,99.9079
2025-02-12 14:47:49.018000+00:00,1,17.35,551.43,55.8,287.49,75.72,299.21,0.2208,99.9073
2025-02-12 14:47:52.019000+00:00,1,17.3,563.49,56.96,286.2,75.96,290.01,0.2175,99.9067
2025-02-12 14:47:55.023000+00:00,1,16.84,485.67,56.0,292.46,76.15,234.0,0.2152,99.9061
2025-02-12 14:47:58.018000+00:00,1,16.67,475.28,55.01,293.48,76.35,234.0,0.213,99.9055
2025-02-12 14:48:01.127000+00:00,1,16.4,473.63,54.18,293.78,76.54,234.0,0.2108,99.9049
2025-02-12 14:48:04.019000+00:00,1,16.25,473.14,53.5,293.96,76.74,234.0,0.2086,99.9043
2025-02-12 14:48:07.019000+00:00,1,15.84,551.1,54.8,287.62,76.99,303.6,0.205,99.9037
2025-02-12 14:48:10.017000+00:00,1,16.05,563.24,56.15,286.27,77.24,295.45,0.2016,99.9031
2025-02-12 14:48:13.021000+00:00,1,15.83,565.91,57.3,275.7,77.48,293.29,0.1982,99.9025
2025-02-12 14:48:16.020000+00:00,1,15.75,587.6,58.8,273.52,77.72,287.58,0.195,99.9019
2025-02-12 14:48:19.018000+00:00,1,15.58,508.19,57.99,279.98,77.92,234.0,0.1928,99.9013
2025-02-12 14:48:22.019000+00:00,1,15.09,578.6,59.11,274.08,78.16,295.97,0.1894,99.9007
2025-02-12 14:48:25.022000+00:00,1,14.97,591.08,60.34,272.69,78.4,285.68,0.1861,99.9001
2025-02-12 14:48:28.020000+00:00,1,15.22,509.75,59.26,279.45,78.6,234.0,0.1839,99.8995
2025-02-12 14:48:31.019000+00:00,1,15.67,497.41,58.11,280.69,78.79,234.0,0.1817,99.8989
2025-02-12 14:48:34.018000+00:00,1,16.09,577.14,59.17,274.05,79.04,302.92,0.1781,99.8983
2025-02-12 14:48:37.019000+00:00,1,16.26,591.14,60.39,272.53,79.29,294.69,0.1748,99.8977
2025-02-12 14:48:40.018000+00:00,1,16.43,594.43,61.46,271.91,79.53,291.76,0.1714,99.8971
2025-02-12 14:48:43.019000+00:00,1,16.34,511.2,60.19,278.95,79.73,234.0,0.1692,99.8965
2025-02-12 14:48:46.018000+00:00,1,16.08,580.76,60.93,273.11,79.97,287.6,0.1659,99.8959
2025-02-12 14:48:49.021000+00:00,1,16.32,593.17,61.85,271.79,80.2,277.61,0.1629,99.8953
2025-02-12 14:48:52.018000+00:00,1,16.69,596.04,62.67,271.28,80.42,266.86,0.16,99.8947
2025-02-12 14:48:55.018000+00:00,1,17.17,512.38,61.19,278.48,80.61,234.0,0.1578,99.8941
2025-02-12 14:48:58.018000+00:00,1,17.05,581.73,61.75,272.66,80.84,275.59,0.1547,99.8935
2025-02-12 14:49:01.020000+00:00,1,17.44,594.15,62.54,271.38,81.07,269.68,0.1518,99.8929
2025-02-12 14:49:04.019000+00:00,1,17.52,596.95,63.24,270.9,81.29,268.06,0.1489,99.8923
2025-02-12 14:49:07.046000+00:00,1,17.02,598.0,63.84,270.61,81.51,258.88,0.1461,99.8917
2025-02-12 14:49:10.019000+00:00,1,16.8,598.65,64.33,270.37,81.72,254.22,0.1434,99.8911
2025-02-12 14:49:13.019000+00:00,1,16.78,514.1,62.56,277.82,81.92,234.0,0.1412,99.8905
2025-02-12 14:49:16.019000+00:00,1,16.92,583.12,62.88,272.03,82.13,255.48,0.1385,99.8899
2025-02-12 14:49:19.018000+00:00,1,17.33,510.98,61.32,278.34,82.32,234.0,0.1362,99.8893
2025-02-12 14:49:22.018000+00:00,1,17.82,582.03,61.87,272.35,82.54,262.34,0.1334,99.8887
2025-02-12 14:49:25.019000+00:00,1,18.03,594.82,62.65,271.04,82.76,257.75,0.1307,99.8881
2025-02-12 14:49:28.019000+00:00,1,17.83,512.84,61.18,278.14,82.95,234.0,0.1284,99.8875
2025-02-12 14:49:31.115000+00:00,1,17.65,499.75,59.7,279.56,83.15,234.0,0.1262,99.8869
2025-02-12 14:49:34.124000+00:00,1,17.34,497.22,58.46,280.05,83.34,234.0,0.124,99.8863
2025-02-12 14:49:37.019000+00:00,1,17.03,496.34,57.45,280.35,83.54,234.0,0.1218,99.8857
2025-02-12 14:49:40.021000+00:00,1,17.32,577.85,58.65,273.45,83.77,276.89,0.1187,99.8851
2025-02-12 14:49:43.026000+00:00,1,17.16,592.43,60.01,271.84,83.99,268.48,0.1158,99.8845
2025-02-12 14:49:46.018000+00:00,1,16.79,511.33,59.04,278.66,84.19,234.0,0.1135,99.8839
2025-02-12 14:49:49.018000+00:00,1,16.62,581.35,60.02,272.68,84.41,262.87,0.1107,99.8833
2025-02-12 14:49:52.018000+00:00,1,16.2,509.75,59.01,278.74,84.6,234.0,0.1085,99.8827
2025-02-12 14:49:55.019000+00:00,1,16.4,498.67,57.94,279.89,84.8,234.0,0.1063,99.8821
2025-02-12 14:49:58.018000+00:00,1,16.9,496.63,57.03,280.25,84.99,234.0,0.104,99.8815
2025-02-12 14:50:01.018000+00:00,1,16.94,578.05,58.33,273.33,85.21,260.52,0.1012,99.8809
2025-02-12 14:50:04.018000+00:00,1,17.33,592.69,59.76,251.69,85.42,253.41,0.0986,99.8803
2025-02-12 14:50:07.019000+00:00,1,17.42,643.65,62.36,246.67,85.63,251.44,0.0959,99.8797
2025-02-12 14:50:10.082000+00:00,1,17.32,620.71,63.77,248.1,85.83,243.65,0.0934,99.8791
2025-02-12 14:50:13.021000+00:00,1,17.05,614.06,64.7,248.34,86.03,243.11,0.091,99.8785
2025-02-12 14:50:16.018000+00:00,1,17.3,559.72,63.99,253.09,86.23,234.0,0.0887,99.8779
2025-02-12 14:50:19.018000+00:00,1,16.95,574.77,63.8,251.85,86.43,238.31,0.0864,99.8773
2025-02-12 14:50:22.018000+00:00,1,17.24,560.44,63.28,253.17,86.62,235.43,0.0841,99.8767
2025-02-12 14:50:25.034000+00:00,1,17.24,508.36,61.58,257.93,86.81,227.31,0.0821,99.8761
2025-02-12 14:50:28.018000+00:00,1,17.57,504.61,60.14,258.59,87.0,228.22,0.08,99.8755
2025-02-12 14:50:31.019000+00:00,1,17.99,523.25,59.42,257.22,87.2,231.54,0.0778,99.8749
2025-02-12 14:50:34.018000+00:00,1,18.38,529.19,58.99,256.83,87.39,232.08,0.0756,99.8743
2025-02-12 14:50:37.018000+00:00,1,18.63,523.07,58.5,257.43,87.58,230.89,0.0735,99.8737
2025-02-12 14:50:40.018000+00:00,1,18.88,539.95,58.52,256.03,87.78,234.0,0.0712,99.8731
2025-02-12 14:50:43.018000+00:00,1,18.5,542.91,58.61,255.74,87.97,234.0,0.069,99.8725
2025-02-12 14:50:46.018000+00:00,1,18.2,614.23,60.58,249.29,88.18,246.49,0.0665,99.8719
2025-02-12 14:50:49.018000+00:00,1,17.87,567.88,60.9,253.0,88.37,235.71,0.0642,99.8713
2025-02-12 14:50:52.018000+00:00,1,18.11,525.94,60.1,256.66,88.57,230.04,0.0621,99.8707
2025-02-12 14:50:55.019000+00:00,1,18.51,541.57,59.84,255.42,88.76,234.0,0.0598,99.8701
2025-02-12 14:51:14.489000+00:00,1,18.3,65.38,25.1,396.98,0.1,117.0,0.9996,99.9999
2025-02-12 14:51:17.468000+00:00,1,18.1,63.47,25.17,397.07,0.19,114.89,0.9992,99.9998
2025-02-12 14:51:20.471000+00:00,1,18.54,70.59,25.25,396.73,0.29,121.18,0.9988,99.9997
2025-02-12 14:51:23.468000+00:00,1,19.02,67.09,25.31,396.89,0.39,118.04,0.9983,99.9996
2025-02-12 14:51:26.478000+00:00,1,19.1,73.69,25.37,396.59,0.5,123.88,0.9979,99.9995
2025-02-12 14:51:29.470000+00:00,1,18.88,78.11,25.44,396.38,0.6,127.73,0.9974,99.9994
2025-02-12 14:51:32.474000+00:00,1,18.96,87.32,25.52,395.95,0.71,134.35,0.9968,99.9993
2025-02-12 14:51:35.479000+00:00,1,18.67,73.77,25.55,396.57,0.82,123.79,0.9964,99.9992
2025-02-12 14:51:38.478000+00:00,1,18.66,66.07,25.54,396.93,0.91,117.11,0.996,99.9991
2025-02-12 14:51:41.472000+00:00,1,18.91,60.02,25.51,397.21,1.01,111.83,0.9956,99.999
2025-02-12 14:51:44.472000+00:00,1,18.72,63.16,25.5,397.07,1.1,114.64,0.9952,99.9989
2025-02-12 14:51:47.468000+00:00,1,19.13,65.05,25.5,396.98,1.2,116.29,0.9948,99.9988
2025-02-12 14:51:50.470000+00:00,1,19.23,54.06,25.47,397.49,1.29,106.92,0.9945,99.9987
2025-02-12 14:51:53.470000+00:00,1,19.29,55.85,25.45,397.41,1.38,108.4,0.9941,99.9986
2025-02-12 14:51:56.469000+00:00,1,19.43,64.87,25.45,396.99,1.48,116.17,0.9937,99.9985
2025-02-12 14:51:59.469000+00:00,1,19.73,55.13,25.43,397.44,1.57,107.77,0.9934,99.9984
2025-02-12 14:52:02.469000+00:00,1,19.86,44.47,25.39,397.94,1.65,98.91,0.9931,99.9983
2025-02-12 14:52:05.475000+00:00,1,20.05,42.55,25.36,398.02,1.73,96.44,0.9928,99.9982
